Workbook

Sheet Dataset
A1: Nome Aluno | B1: Matricula | C1: Email | D1: Horas Estudo | E1: Aulas Assistidas | F1: Faltas | G1: Nota Final
A2: Helena Lima | B2: 20240001 | C2: helena.lima1@exemplo.com | D2: 2 | E2: 40 | F2: 10 | G2: 45
A3: Gabriel Oliveira | B3: 20240002 | C3: gabriel.oliveira2@exemplo.com | D3: 3 | E3: 45 | F3: 9 | G3: 48
A4: Gabriel Ribeiro | B4: 20240003 | C4: gabriel.ribeiro3@exemplo.com | D4: 4 | E4: 50 | F4: 9 | G4: 50
A5: Ana Silva | B5: 20240004 | C5: ana.silva4@exemplo.com | D5: 5 | E5: 55 | F5: 8 | G5: 53
A6: Daniela Lima | B6: 20240005 | C6: daniela.lima5@exemplo.com | D6: 6 | E6: 58 | F6: 8 | G6: 56
A7: Igor Pereira | B7: 20240006 | C7: igor.pereira6@exemplo.com | D7: 7 | E7: 60 | F7: 7 | G7: 58
A8: Juliana Gomes | B8: 20240007 | C8: juliana.gomes7@exemplo.com | D8: 8 | E8: 62 | F8: 7 | G8: 60
A9: Carlos Almeida | B9: 20240008 | C9: carlos.almeida8@exemplo.com | D9: 9 | E9: 65 | F9: 6 | G9: 63
A10: Helena Rodrigues | B10: 20240009 | C10: helena.rodrigues9@exemplo.com | D10: 10 | E10: 68 | F10: 6 | G10: 66
A11: Igor Ribeiro | B11: 20240010 | C11: igor.ribeiro10@exemplo.com | D11: 11 | E11: 70 | F11: 5 | G11: 68
A12: Bruno Silva | B12: 20240011 | C12: bruno.silva11@exemplo.com | D12: 12 | E12: 72 | F12: 5 | G12: 70
A13: Fernanda Gomes | B13: 20240012 | C13: fernanda.gomes12@exemplo.com | D13: 13 | E13: 74 | F13: 5 | G13: 72
... A87: Fernanda Costa | B87: 20240086 | C87: fernanda.costa86@exemplo.com | D87: 23 | E87: 95 | F87: 1 | G87: 92

Sheet Estatísticas - Etapa 1
A1: ETAPA 1 – EXPLORAÇÃO E ESTATÍSTICAS DO DATASET
A3: DIMENSÕES DO DATASET
A4: Quantidade de Linhas | B4: =COUNTA(Dataset!A:A)-1 -> 86
A5: Quantidade de Colunas | B5: =COLUMNS(Dataset!A1:G1) -> 7
A6: Variáveis Numéricas | B6: 5 (matricula, horas_estudo, aulas_assistidas, faltas, nota_final)
A7: Variáveis Categóricas | B7: 2 (nome_aluno, email)
A9: ESTATÍSTICAS DA NOTA FINAL
A10: Média | B10: =AVERAGE(Dataset!G2:G87) -> 73.674419
A11: Mediana | B11: =MEDIAN(Dataset!G2:G87) -> 74.5
A12: Moda | B12: =MODE(Dataset!G2:G87) -> 79
A13: Q1 (25%) | B13: =QUARTILE(Dataset!G2:G87,1) -> 63
A14: Q2 (50%) | B14: =QUARTILE(Dataset!G2:G87,2) -> 74.5
A15: Q3 (75%) | B15: =QUARTILE(Dataset!G2:G87,3) -> 85
A16: Mínimo | B16: =MIN(Dataset!G2:G87) -> 45
A17: Máximo | B17: =MAX(Dataset!G2:G87) -> 98
A18: Desvio Padrão (amostral) | B18: =STDEV(Dataset!G2:G87) -> 13.947331
A19: Amplitude (Max - Min) | B19: =MAX(Dataset!G2:G87)-MIN(Dataset!G2:G87) -> 53
A20: IQR (Q3 - Q1) | B20: =QUARTILE(Dataset!G2:G87,3)-QUARTILE(Dataset!G2:G87,1) -> 22

Sheet Correlações - Etapa 3
A1: ETAPA 3 – ANÁLISE DE CORRELAÇÃO
A3: PAR DE VARIÁVEIS | B3: CORRELAÇÃO (R) | C3: INTERPRETAÇÃO
A4: Horas de Estudo × Nota Final | B4: =CORREL(Dataset!D2:D87, Dataset!G2:G87) -> 0.99661675 | C4: Correlação positiva muito forte (≈ 0,997)
A5: Aulas Assistidas × Nota Final | B5: =CORREL(Dataset!E2:E87, Dataset!G2:G87) -> 0.99473358 | C5: Correlação positiva muito forte (≈ 0,995)
A6: Faltas × Nota Final | B6: =CORREL(Dataset!F2:F87, Dataset!G2:G87) -> -0.99180871 | C6: Correlação negativa forte

Sheet Hipótese - Etapa 4
A1: ETAPA 4 – SELEÇÃO DE AMOSTRAS PARA TESTE DE HIPÓTESE
A3: Hipótese | B3: Alunos que estudam mais de 10h/semana têm nota média maior
A5: MÉTRICA | B5: GRUPO ≤ 10h/semana | C5: GRUPO > 10h/semana | D5: DIFERENÇA
A6: Qtd. de Alunos | B6: =COUNTIF(Dataset!D2:D87,"<=10") -> 28 | C6: =COUNTIF(Dataset!D2:D87,">10") -> 58 | D6: =C6-B6 -> 30
A7: Nota Média | B7: =AVERAGEIF(Dataset!D2:D87,"<=10",Dataset!G2:G87) -> 57.178571 | C7: =AVERAGEIF(Dataset!D2:D87,">10",Dataset!G2:G87) -> 81.637931 | D7: =C7-B7 -> 24.45936
A8: Nota Mínima | B8: =MIN(IF(Dataset!D2:D87<=10,Dataset!G2:G87)) -> 45 | C8: =MIN(IF(Dataset!D2:D87>10,Dataset!G2:G87)) -> 0 | D8: =C8-B8 -> -45
A9: Nota Máxima | B9: =MAX(IF(Dataset!D2:D87<=10,Dataset!G2:G87)) -> 98 | C9: =MAX(IF(Dataset!D2:D87>10,Dataset!G2:G87)) -> 0 | D9: =C9-B9 -> -98
